,market_hash_name,avg_index_share,std_index_share,quantity
0,'Medium Rare' Crasswater | Guerrilla Warfare,0.00017788241254669706,1.877041721325402e-05,236
1,AK-47 | Aquamarine Revenge (Battle-Scarred),0.000443173225100565,3.241410999490274e-05,249
2,AK-47 | Aquamarine Revenge (Field-Tested),0.000654427420542997,2.4815927839109067e-05,230
3,AK-47 | Aquamarine Revenge (Minimal Wear),0.0012578126772077342,3.9275932085427225e-05,258
4,AK-47 | Aquamarine Revenge (Well-Worn),0.0004143080951716626,1.8542476901254083e-05,209
5,AK-47 | Asiimov (Battle-Scarred),0.0008212619820986224,3.1252872851614654e-05,350
6,AK-47 | Asiimov (Field-Tested),0.004820734265925878,0.00019454655193814333,1547
7,AK-47 | Asiimov (Minimal Wear),0.005372389629972826,0.00017571280603059892,1026
8,AK-47 | Asiimov (Well-Worn),0.00034459932293272,9.93955790357793e-06,110
9,AK-47 | Black Laminate (Field-Tested),0.0007126575641019641,6.027694680733709e-05,274
10,AK-47 | Black Laminate (Minimal Wear),0.0009401957797590504,4.3390108807958076e-05,284
11,AK-47 | Bloodsport (Factory New),0.0017846249727641603,7.913843817132544e-05,187
12,AK-47 | Bloodsport (Field-Tested),0.0034180258606232423,0.00014156801396315028,484
13,AK-47 | Bloodsport (Minimal Wear),0.003516726779248759,0.00014268042535781335,442
14,AK-47 | Cartel (Factory New),0.0005675120126641998,0.00011407499125691205,363
15,AK-47 | Cartel (Minimal Wear),0.000323361845427075,2.978284186682502e-05,391
16,AK-47 | Case Hardened (Battle-Scarred),0.003130980183180944,0.00013278397787489332,250
17,AK-47 | Case Hardened (Field-Tested),0.0074755434459979455,0.0003647041186275891,415
18,AK-47 | Case Hardened (Minimal Wear),0.006742225339993298,0.000229786858901694,317
19,AK-47 | Case Hardened (Well-Worn),0.0032977903484183524,0.00013304805180416039,233
20,AK-47 | Frontside Misty (Field-Tested),0.0014518236481703749,6.913993496275986e-05,1010
21,AK-47 | Frontside Misty (Minimal Wear),0.0013047531664420087,6.654861897522718e-05,533
22,AK-47 | Fuel Injector (Battle-Scarred),0.001372380658734672,6.607280641559046e-05,185
23,AK-47 | Fuel Injector (Field-Tested),0.0013550994661010508,0.00011742238798063434,105
24,AK-47 | Fuel Injector (Well-Worn),0.0015545362892021135,8.838348814045933e-05,164
25,AK-47 | Green Laminate (Factory New),0.00016383328024417788,8.420419229347164e-06,144
26,AK-47 | Green Laminate (Field-Tested),0.00018316904251806687,8.990119759442987e-06,216
27,AK-47 | Green Laminate (Minimal Wear),0.00016727707507153676,6.257210905527811e-06,189
28,AK-47 | Hydroponic (Minimal Wear),0.017059160075224015,0.0008148201116503323,111
29,AK-47 | Ice Coaled (Factory New),0.0013222671109534728,0.00032906753522593004,224
30,AK-47 | Ice Coaled (Field-Tested),0.0020726987774051632,0.0005248221654023716,1084
31,AK-47 | Ice Coaled (Minimal Wear),0.0022196788450877182,0.0005691768276649519,636
32,AK-47 | Ice Coaled (Well-Worn),0.00024730779809789414,5.8011170708782746e-05,136
33,AK-47 | Jaguar (Field-Tested),0.00044785614466128285,1.5501674154306553e-05,169
34,AK-47 | Jaguar (Minimal Wear),0.0005653553353356116,1.9289753710976445e-05,144
35,AK-47 | Leet Museo (Battle-Scarred),0.00021951054412404253,9.481102996771249e-06,124
36,AK-47 | Leet Museo (Factory New),0.000835408557380646,3.297221345946084e-05,185
37,AK-47 | Leet Museo (Field-Tested),0.002254289310171673,8.111110261417458e-05,1234
38,AK-47 | Leet Museo (Minimal Wear),0.0005882128905412857,1.7800093835468163e-05,225
39,AK-47 | Legion of Anubis (Factory New),0.001439175776132531,5.7561947937394094e-05,583
40,AK-47 | Neon Revolution (Factory New),0.0006851258053337479,2.0134232911690566e-05,129
41,AK-47 | Neon Revolution (Minimal Wear),0.0019332026981384743,6.834856190033718e-05,724
42,AK-47 | Neon Rider (Battle-Scarred),0.00043276605637634913,3.335927874166959e-05,182
43,AK-47 | Neon Rider (Factory New),0.002125296191868795,5.7563868527485226e-05,179
44,AK-47 | Neon Rider (Field-Tested),0.00277546857292948,7.64673473244765e-05,772
45,AK-47 | Neon Rider (Minimal Wear),0.0010441541180502337,2.9491011280157604e-05,168
46,AK-47 | Nightwish (Field-Tested),0.001940542648377758,0.0003383529570882387,693
47,AK-47 | Nightwish (Minimal Wear),0.00407585242834955,0.000644328920057812,698
48,AK-47 | Nightwish (Well-Worn),0.0011992915685139682,0.0001639584173377098,628
49,AK-47 | Orbit Mk01 (Factory New),0.000351396945267977,1.3829440549445055e-05,218
50,AK-47 | Point Disarray (Factory New),0.0008062376912280049,3.429467311077807e-05,280
51,AK-47 | Predator (Minimal Wear),0.00042374013895692873,3.0400419538501365e-05,263
52,AK-47 | Red Laminate (Battle-Scarred),0.0003197388382792262,2.6374276056426455e-05,106
53,AK-47 | Red Laminate (Field-Tested),0.001151508604826976,3.292418087241407e-05,390
54,AK-47 | Red Laminate (Minimal Wear),0.0010690889804190198,4.269702649599417e-05,246
55,AK-47 | Redline (Field-Tested),0.00391974736307216,0.00012356690573460608,2531
56,AK-47 | Redline (Minimal Wear),0.002932228143417618,0.00013913372210937067,397
57,AK-47 | Redline (Well-Worn),0.00030412391214913124,1.376745166271764e-05,227
58,AK-47 | The Empress (Battle-Scarred),0.0007996761734920052,2.8648356837660685e-05,391
59,AK-47 | The Empress (Factory New),0.0012535476223193684,2.564063807456378e-05,121
60,AK-47 | The Empress (Field-Tested),0.003754805067024865,0.00012877039862719118,1396
61,AK-47 | The Empress (Minimal Wear),0.001856704410726108,4.604738749984864e-05,434
62,AK-47 | The Empress (Well-Worn),0.0009151169320955056,3.497986044874031e-05,415
63,AK-47 | Vulcan (Battle-Scarred),0.0010485645166558412,6.916749107663983e-05,155
64,AK-47 | Vulcan (Field-Tested),0.006481489122294837,0.0007426946771241675,384
65,AK-47 | Vulcan (Minimal Wear),0.043338042140100924,0.0026051021287060386,996
66,AK-47 | Vulcan (Well-Worn),0.0013919369863401804,0.00011549944500184599,117
67,AK-47 | Wasteland Rebel (Field-Tested),0.0013516947556864135,3.7588802935905915e-05,510
68,AK-47 | Wasteland Rebel (Minimal Wear),0.0005859758180722465,1.6444614072142487e-05,144
69,AUG | Anodized Navy (Factory New),0.00016970961273078482,9.139933573503456e-06,101
70,AUG | Carved Jade (Factory New),0.0002707622155257308,1.6037791438044654e-05,403
71,AUG | Death by Puppy (Factory New),0.0001824391689831107,1.0485660183409419e-05,171
72,AUG | Midnight Lily (Factory New),0.002033533836080496,0.00013901502908692277,103
73,AUG | Wings (Factory New),0.0006130837111570088,5.4377472409797815e-05,391
74,AWP | Asiimov (Battle-Scarred),0.005736786407686499,0.00016829746025958693,781
75,AWP | Asiimov (Field-Tested),0.012659355031120142,0.0003574683834492087,984
76,AWP | Asiimov (Well-Worn),0.0018146873045377296,4.808297356097371e-05,186
77,AWP | BOOM (Field-Tested),0.0012370404874975777,4.128749088073434e-05,172
78,Antwerp 2022 Dust II Souvenir Package,0.00028796734469222667,8.773346208891042e-05,498
79,CS:GO Weapon Case,0.002598102039016405,0.00016361248995356065,395
80,CZ75-Auto | Emerald (Factory New),0.0003855940831504779,2.0396724770492543e-05,271
81,D Squadron Officer | NZSAS,0.00018953493572662581,3.5056636090039234e-05,195
82,Desert Eagle | Blaze (Factory New),0.010122416507760338,0.0002458593607358573,179
83,Desert Eagle | Cobalt Disruption (Factory New),0.0034488496711515366,9.729709220439446e-05,549
84,Desert Eagle | Cobalt Disruption (Minimal Wear),0.0005809655079545556,1.732261651791586e-05,116
85,Desert Eagle | Code Red (Factory New),0.0011446293097824357,3.427313951784942e-05,165
86,Desert Eagle | Code Red (Field-Tested),0.0008270614838041031,4.1998618765217036e-05,337
87,Desert Eagle | Code Red (Minimal Wear),0.0004417222345077802,1.3453595177718352e-05,118
88,Desert Eagle | Code Red (Well-Worn),0.00037004400819984053,1.82228241305227e-05,190
89,Desert Eagle | Crimson Web (Minimal Wear),0.0014767705290929807,7.77817995181448e-05,685
90,Desert Eagle | Emerald Jörmungandr (Factory New),0.002458509872317754,0.00010498311002015986,115
91,Desert Eagle | Golden Koi (Factory New),0.0010053693579545212,3.253154610939117e-05,260
92,Desert Eagle | Hypnotic (Factory New),0.0020695301021871814,7.92294883920192e-05,201
93,Desert Eagle | Kumicho Dragon (Factory New),0.0004557366557159577,2.3825012252165967e-05,172
94,Desert Eagle | Kumicho Dragon (Field-Tested),0.0010005898130670667,4.8531961428901674e-05,814
95,Desert Eagle | Kumicho Dragon (Minimal Wear),0.00042610419867682365,2.4873366522046577e-05,269
96,Desert Eagle | Midnight Storm (Factory New),0.0011413505424612035,8.460526059880562e-05,538
97,Desert Eagle | Ocean Drive (Battle-Scarred),0.00020484687506259369,2.100293484669943e-05,172
98,Desert Eagle | Ocean Drive (Field-Tested),0.0007183275072010254,4.808117852247626e-05,376
99,Desert Eagle | Ocean Drive (Well-Worn),0.0002263307129737418,1.7671301307129618e-05,162
100,Desert Eagle | Printstream (Battle-Scarred),0.0024608545029243837,9.82304296227377e-05,595
101,Desert Eagle | Printstream (Factory New),0.0019854052497658534,5.6026641104640975e-05,163
102,Desert Eagle | Printstream (Field-Tested),0.007569333130978197,0.00021182742199211713,1383
103,Desert Eagle | Printstream (Minimal Wear),0.003798396373725934,0.00010514341610038535,509
104,Desert Eagle | Printstream (Well-Worn),0.0006851729116062636,1.9544519180377693e-05,133
105,Dual Berettas | Emerald (Factory New),0.00045902338447285896,2.3002981699884982e-05,242
106,ESL One Cologne 2014 Challengers,0.000980798221314917,6.95390234049475e-05,211
107,ESL One Cologne 2014 Legends,0.0018243903256580203,5.440341332933742e-05,288
108,Elite Trapper Solman | Guerrilla Warfare,0.0003446215515164763,3.679522815547082e-05,433
109,FAMAS | Commemoration (Factory New),0.0004643471080438596,3.0917344653982636e-05,213
110,FAMAS | Commemoration (Field-Tested),0.0002862842692076788,1.5826592583586846e-05,235
111,FAMAS | Commemoration (Minimal Wear),0.00026742159252526524,1.0418831495874935e-05,182
112,FAMAS | Eye of Athena (Factory New),0.00015312746018967524,9.833726417607631e-06,130
113,FAMAS | Meltdown (Factory New),0.0002418550590663463,7.039422179450067e-05,134
114,FAMAS | Roll Cage (Factory New),0.00021383689652015858,1.4723115044977459e-05,120
115,Five-SeveN | Berries And Cherries (Factory New),0.0009636597195100149,6.676924575257627e-05,307
116,Five-SeveN | Case Hardened (Factory New),0.0004359359651759334,2.2679722518991892e-05,249
117,Five-SeveN | Case Hardened (Field-Tested),0.00032430860380426807,1.245010812182828e-05,431
118,Five-SeveN | Case Hardened (Minimal Wear),0.0003998225270492594,1.564670746933764e-05,403
119,Five-SeveN | Case Hardened (Well-Worn),0.00017169267472386945,1.1716684543319408e-05,254
120,Five-SeveN | Fairy Tale (Field-Tested),0.0003692357553041365,2.1340718557835373e-05,272
121,Five-SeveN | Fairy Tale (Minimal Wear),0.00022827757801529541,1.3476061348921026e-05,113
122,Galil AR | Cerberus (Field-Tested),0.0002781656054269178,1.3139900779695455e-05,211
123,Galil AR | Phoenix Blacklight (Factory New),0.0003827557959991745,1.0543794871840444e-05,106
124,Getaway Sally | The Professionals,0.0004385998443263816,6.018233372967804e-05,163
125,Glock-18 | Bullet Queen (Factory New),0.0009550077212768,5.207636238347281e-05,167
126,Glock-18 | Dragon Tattoo (Factory New),0.002244026816717611,0.00012538088971048817,298
127,Glock-18 | Fade (Factory New),0.01780629179314732,0.0005959965281814963,144
128,Glock-18 | Franklin (Factory New),0.0005343158743900417,1.7490327862368463e-05,172
129,Glock-18 | Gamma Doppler (Factory New),0.0014995511035757359,9.530611778202651e-05,793
130,Glock-18 | Gamma Doppler (Field-Tested),0.0005527636805392983,2.911942651078916e-05,438
131,Glock-18 | Gamma Doppler (Minimal Wear),0.0008801674704097859,3.7423183836891494e-05,588
132,Glock-18 | Neo-Noir (Minimal Wear),0.00026092302340486624,1.228371029862834e-05,141
133,Glock-18 | Nuclear Garden (Factory New),0.0002151564776265205,8.948040889753097e-06,207
134,Glock-18 | Reactor (Factory New),0.00014400896658581296,6.041261382050317e-06,141
135,Glock-18 | Twilight Galaxy (Factory New),0.0008173713674620192,3.547820542582501e-05,113
136,Glock-18 | Water Elemental (Factory New),0.0004188493659038534,1.9868154736420146e-05,378
137,Howl Pin,0.0009437767730577307,2.5044181151540453e-05,136
138,Katowice 2019 Minor Challengers (Holo-Foil),0.0002841948981852019,2.3435950113148667e-05,465
139,Katowice 2019 Overpass Souvenir Package,0.00019400145918893315,3.643172757390954e-05,169
140,Krakow 2017 Challengers Autograph Capsule,0.002207760166688589,0.0004008629709358867,324
141,Krakow 2017 Legends Autograph Capsule,0.0016552927100523746,0.00024818598452812075,332
142,Little Kev | The Professionals,0.000259783453508558,2.7711877421107754e-05,331
143,M4A1-S | Atomic Alloy (Field-Tested),0.001264546542618303,5.578860253336759e-05,397
144,M4A1-S | Atomic Alloy (Minimal Wear),0.00148650592624418,4.669163980823492e-05,353
145,M4A1-S | Atomic Alloy (Well-Worn),0.0002867279134492347,1.977334968422619e-05,103
146,M4A1-S | Blue Phosphor (Factory New),0.004775574087168334,0.0005408341389505618,162
147,M4A1-S | Bright Water (Field-Tested),0.0008111747915813449,0.00010018793172659583,282
148,M4A1-S | Bright Water (Minimal Wear),0.001574011128096261,0.00022531221476162735,512
149,M4A1-S | Chantico's Fire (Field-Tested),0.0007741267934219238,0.00011866069118037943,301
150,M4A1-S | Chantico's Fire (Minimal Wear),0.0015993947211971902,0.00022478709279333476,359
151,M4A1-S | Chantico's Fire (Well-Worn),0.0005062340508275739,6.514771308342223e-05,269
152,M4A1-S | Control Panel (Field-Tested),0.00014101479846382678,2.2168993902255743e-05,100
153,M4A1-S | Cyrex (Factory New),0.0016751879747694237,0.00022289901333369662,549
154,M4A1-S | Cyrex (Field-Tested),0.0007786637349827982,0.0001004484009180765,476
155,M4A1-S | Cyrex (Minimal Wear),0.0014515374805018902,0.00020185823281233407,651
156,M4A1-S | Dark Water (Field-Tested),0.001092952229338319,9.753487306432292e-05,170
157,M4A1-S | Dark Water (Minimal Wear),0.0020704700144157768,0.00019586367543726006,303
158,M4A1-S | Decimator (Factory New),0.0007488530848798997,0.00014579686248873238,329
159,M4A1-S | Golden Coil (Battle-Scarred),0.0003421673040694792,3.76318137242655e-05,128
160,M4A1-S | Golden Coil (Factory New),0.0018344930966260864,0.0002303032600102209,137
161,M4A1-S | Golden Coil (Field-Tested),0.0012789806440957105,0.0001943100355479471,267
162,M4A1-S | Golden Coil (Minimal Wear),0.0012468338577700743,0.00017100343247533208,162
163,M4A1-S | Golden Coil (Well-Worn),0.000606883243394131,8.514065656396798e-05,174
164,M4A1-S | Guardian (Factory New),0.0013553443547171522,0.00019799830720702686,394
165,M4A1-S | Guardian (Field-Tested),0.0008495787127263199,0.00010902593799827864,370
166,M4A1-S | Guardian (Minimal Wear),0.0014941936970001711,0.000211514749304089,552
167,M4A1-S | Hot Rod (Factory New),0.010691040656655496,0.0010594307906453314,174
168,M4A1-S | Hyper Beast (Factory New),0.001487616426585622,0.00016459443572979337,127
169,M4A1-S | Hyper Beast (Field-Tested),0.0006138939977354165,7.333350496358729e-05,417
170,M4A1-S | Hyper Beast (Minimal Wear),0.0008666971580888512,0.00014498098990858177,188
171,M4A1-S | Icarus Fell (Factory New),0.006642457543142449,0.0006039365980670139,146
172,M4A1-S | Mecha Industries (Factory New),0.001122240716843772,0.00014082134131712722,173
173,M4A1-S | Mecha Industries (Field-Tested),0.0008972573515816683,0.0001304860825801354,356
174,M4A1-S | Mecha Industries (Minimal Wear),0.0014626499873412312,0.00021288258816589103,367
175,M4A1-S | Moss Quartz (Factory New),0.00022426680974235548,1.2251382096614084e-05,152
176,M4A1-S | Nightmare (Factory New),0.000940558630195597,0.00012099050578703403,238
177,M4A1-S | Nightmare (Minimal Wear),0.0006209336737835266,0.00010202087376536542,310
178,M4A1-S | Player Two (Factory New),0.0010315787352899678,0.00011936938863777898,101
179,M4A1-S | Player Two (Field-Tested),0.0018398091099500959,0.0002649666443689232,685
180,M4A1-S | Player Two (Minimal Wear),0.001733484147122293,0.00022098714270029566,319
181,M4A1-S | Printstream (Battle-Scarred),0.0019644854813365394,0.00016745261338446443,218
182,M4A1-S | Printstream (Field-Tested),0.013275972992661755,0.0013584489459475982,947
183,M4A1-S | Printstream (Minimal Wear),0.0026952066077321393,0.0003322792155509707,119
184,M4A4 | Asiimov (Battle-Scarred),0.0010967819353884089,0.00015254725525724763,230
185,M4A4 | Asiimov (Field-Tested),0.005116122000280348,0.0008918307762716824,304
186,M4A4 | Asiimov (Well-Worn),0.0011807328653753583,0.00020604247972952437,124
187,M4A4 | Bullet Rain (Minimal Wear),0.00032494340495940266,9.803176057233116e-05,193
188,M4A4 | Buzz Kill (Factory New),0.0006507908342408167,0.00019699856581808654,189
189,M4A4 | Buzz Kill (Field-Tested),0.00037409929273440743,8.231441785219058e-05,458
190,M4A4 | Buzz Kill (Minimal Wear),0.00035311999987441367,9.06290484209745e-05,265
191,M4A4 | Cyber Security (Factory New),0.0005949676942583119,0.00011907310941203728,134
192,M4A4 | Cyber Security (Field-Tested),0.0004757265524898338,3.444421991927765e-05,345
193,M4A4 | Cyber Security (Well-Worn),0.0001290528303988332,1.279894208566248e-05,109
194,M4A4 | Dark Blossom (Factory New),0.0002317649804011477,2.1992243746131767e-05,189
195,M4A4 | Desolate Space (Factory New),0.0006270887511739883,0.00010051464294903869,257
196,M4A4 | Global Offensive (Factory New),0.00013086759080978345,1.2942741721822246e-05,234
197,M4A4 | Hellfire (Factory New),0.0008314313193670151,0.00017647100754110344,118
198,M4A4 | Hellfire (Field-Tested),0.0004920648872706654,2.6443388229885632e-05,123
199,M4A4 | In Living Color (Factory New),0.0006900235164614149,0.00011455064941205608,138
200,M4A4 | In Living Color (Minimal Wear),0.0003328530897081107,6.0061864985911964e-05,202
201,M4A4 | Neo-Noir (Factory New),0.0010673122529333246,0.0001361713572921016,251
202,M4A4 | Neo-Noir (Minimal Wear),0.0005077407867249873,8.15024069385157e-05,387
203,M4A4 | Radiation Hazard (Field-Tested),0.0003782439547180045,3.980412819782843e-05,245
204,M4A4 | Red DDPAT (Factory New),0.00035736222402067794,4.20907790281521e-05,114
205,M4A4 | Royal Paladin (Minimal Wear),0.0003726275901560292,8.19379015276259e-05,175
206,M4A4 | Spider Lily (Factory New),0.00019298089289459898,5.459857527959297e-05,185
207,M4A4 | The Battlestar (Factory New),0.00013797957678237928,3.5878143808769103e-05,123
208,M4A4 | The Coalition (Field-Tested),0.00046462111705433933,0.00022086364319622926,177
209,M4A4 | The Coalition (Minimal Wear),0.0010253766507745884,0.0003857747978758331,134
210,M4A4 | The Coalition (Well-Worn),0.00015182426745735192,5.3142242378064024e-05,152
211,M4A4 | The Emperor (Battle-Scarred),0.00014911265504168904,1.9266324879969198e-05,168
212,M4A4 | The Emperor (Field-Tested),0.0006596872733467363,0.00012503333761965875,484
213,M4A4 | The Emperor (Minimal Wear),0.0009542215230503004,0.00021389023167595888,202
214,M4A4 | The Emperor (Well-Worn),0.0001332516405935215,2.299472396147297e-05,111
215,M4A4 | X-Ray (Factory New),0.0012727107927243534,0.00035723669354096026,683
216,M4A4 | X-Ray (Field-Tested),0.00017522641361520627,3.0644083867508824e-05,155
217,M4A4 | X-Ray (Minimal Wear),0.0003181808659618807,6.063467614092022e-05,266
218,M4A4 | Zirka (Field-Tested),0.0005208575765993347,3.670603468376767e-05,219
219,M4A4 | Zirka (Minimal Wear),0.0008064028927485436,3.884517229064416e-05,316
220,M4A4 | 龍王 (Dragon King) (Factory New),0.0007321263201694228,0.00012196868984275126,272
221,M4A4 | 龍王 (Dragon King) (Minimal Wear),0.00038653237042687936,7.2244065254559e-05,321
222,MAC-10 | Case Hardened (Field-Tested),0.00032936708774577143,3.399971301555799e-05,119
223,MAC-10 | Disco Tech (Factory New),0.00024743756808250983,1.2243965230423688e-05,170
224,MAC-10 | Fade (Factory New),0.0005881059723896625,2.675621161470475e-05,311
225,MAC-10 | Propaganda (Factory New),0.00022474023978567837,5.7084790255982585e-05,126
226,MAC-10 | Propaganda (Field-Tested),0.0001116200552352454,1.1253313378000167e-05,200
227,MAC-10 | Propaganda (Minimal Wear),0.00010925811347064869,2.3466182726195264e-05,111
228,MLG Columbus 2016 Challengers (Holo-Foil),0.00036123653130048887,2.1000117014535017e-05,190
229,MLG Columbus 2016 Legends (Holo-Foil),0.00035006569320739593,2.2160496615351223e-05,177
230,MP7 | Fade (Factory New),0.00025846035820840414,1.3631773810902313e-05,255
231,MP9 | Hot Rod (Factory New),0.0008920349726701646,3.641700723588909e-05,264
232,MP9 | Music Box (Factory New),7.067512216491227e-05,6.446368569108828e-06,123
233,MP9 | Starlight Protector (Factory New),0.0005028798601547752,5.251882043089944e-05,124
234,MP9 | Starlight Protector (Minimal Wear),0.00036365709598558133,4.238705085648634e-05,195
235,"Music Kit | Knock2, dashstar*",0.00020532668121003812,1.1285823680083378e-05,107
236,Nova | Hyper Beast (Factory New),0.0002839486315477749,4.093786765997444e-05,121
237,Nova | Hyper Beast (Minimal Wear),0.0002019895675441427,1.7830494657952583e-05,138
238,Number K | The Professionals,0.0011209799904490494,0.00015652336668667938,499
239,Operation Bloodhound Access Pass,0.0006983186292601684,6.120344912206808e-05,161
240,Operation Bravo Case,0.0018454409727102486,0.00015781801770291964,421
241,Operation Hydra Case,0.0015830784280040531,7.22700639075746e-05,1018
242,P2000 | Silver (Factory New),0.00011180491385619757,2.6294709781414862e-05,191
243,P250 | Asiimov (Minimal Wear),0.0002542422514393335,9.774563782408636e-06,151
244,P250 | Crimson Kimono (Factory New),0.00032371692091262826,2.742733498215785e-05,158
245,P250 | Mehndi (Minimal Wear),0.00027492236496994666,3.0473025177413944e-05,173
246,P250 | Nuclear Threat (Field-Tested),0.00011929876560350114,9.699650713814707e-06,102
247,P250 | Splash (Minimal Wear),0.00043751688593585695,4.186630465271198e-05,256
248,P250 | Undertow (Factory New),0.0014273623327039787,8.454751015527847e-05,251
249,P250 | Visions (Factory New),0.0002022503755913676,3.634124263261276e-05,111
250,P250 | Visions (Minimal Wear),0.00032366651635653144,6.479461475330268e-05,283
251,P250 | Whiteout (Minimal Wear),0.0003791523477736531,2.3572153614819023e-05,220
252,P90 | Cold Blooded (Factory New),0.0011658388195901997,7.56743028964102e-05,193
253,Primeiro Tenente | Brazilian 1st Battalion,0.00021061717333548365,2.791387483886079e-05,333
254,R8 Revolver | Fade (Factory New),0.00022505654762138875,1.1504487489694569e-05,175
255,SG 553 | Cyrex (Factory New),0.00017866191682510793,7.83415428676244e-06,122
256,SG 553 | Hypnotic (Factory New),0.000698229431258351,3.9792012526629596e-05,233
257,SG 553 | Integrale (Minimal Wear),0.0008081842847974462,3.332432406002626e-05,127
258,SG 553 | Ultraviolet (Minimal Wear),0.00023409018711710458,2.098594137238161e-05,146
259,SSG 08 | Blood in the Water (Minimal Wear),0.0007880061995116046,2.436048736737191e-05,210
260,SSG 08 | Detour (Factory New),0.00013443067841938856,8.032689240915096e-06,117
261,SSG 08 | Dragonfire (Factory New),0.0010013419386120878,3.4299221535252374e-05,464
262,SSG 08 | Turbo Peek (Factory New),0.0001457686290530356,9.40687436143697e-06,138
263,Safecracker Voltzmann | The Professionals,0.00041755607674789485,3.350906410610034e-05,565
264,Sir Bloody Darryl Royale | The Professionals,0.00042976976512276553,4.2579639876563045e-05,310
265,Sir Bloody Loudmouth Darryl | The Professionals,0.0008934847381126251,9.954452337526432e-05,446
266,Sir Bloody Miami Darryl | The Professionals,0.001592514745580837,0.0001575427797488629,439
267,Sir Bloody Silent Darryl | The Professionals,0.0005007165411238623,4.4358472392657236e-05,480
268,Sir Bloody Skullhead Darryl | The Professionals,0.0004948343790881732,4.8623013478709236e-05,382
269,Souvenir AK-47 | Green Laminate (Field-Tested),0.00011150673310898384,8.114318597691322e-06,101
270,Souvenir AUG | Carved Jade (Factory New),4.716345405035107e-05,2.9096228480545425e-06,105
271,Souvenir AWP | Pink DDPAT (Field-Tested),0.0002932915705985746,2.6611456530320132e-05,103
272,Souvenir Desert Eagle | Fennec Fox (Field-Tested),0.0026850169557783676,8.777487635824861e-05,147
273,Souvenir MAC-10 | Amber Fade (Factory New),0.00019752419315388061,8.058618294334747e-06,119
274,Souvenir MP9 | Hot Rod (Factory New),0.00045106928761525514,1.9254410892996398e-05,108
275,Souvenir SSG 08 | Detour (Factory New),0.0002506314385328731,2.1349296746258566e-05,205
276,Souvenir UMP-45 | Blaze (Factory New),0.0003522367652534439,1.5227677466941715e-05,133
277,Souvenir USP-S | Purple DDPAT (Factory New),0.00010498699810212039,5.37516135385565e-06,161
278,Souvenir USP-S | Royal Blue (Minimal Wear),0.00042329027162893153,2.7729327138735235e-05,105
279,Special Agent Ava | FBI,0.0010929340872168293,6.016598865648467e-05,1156
280,StatTrak™ AK-47 | Asiimov (Field-Tested),0.0016739917680981466,5.1325559410041416e-05,285
281,StatTrak™ AK-47 | Asiimov (Minimal Wear),0.0019367910991584009,5.284527543513026e-05,183
282,StatTrak™ AK-47 | Blue Laminate (Factory New),0.0006784947085294623,2.961419260921301e-05,256
283,StatTrak™ AK-47 | Blue Laminate (Field-Tested),0.000755411314801248,2.6022779912835068e-05,415
284,StatTrak™ AK-47 | Blue Laminate (Minimal Wear),0.0006587731749031216,2.5209557814177683e-05,342
285,StatTrak™ AK-47 | Cartel (Field-Tested),0.00045943374553923324,1.9861705633394538e-05,231
286,StatTrak™ AK-47 | Elite Build (Factory New),0.0004948579432530044,2.2805303646723267e-05,240
287,StatTrak™ AK-47 | Frontside Misty (Field-Tested),0.00046381257177333286,1.696000407161357e-05,151
288,StatTrak™ AK-47 | Frontside Misty (Minimal Wear),0.0007271467484693119,3.298364695844084e-05,143
289,StatTrak™ AK-47 | Fuel Injector (Minimal Wear),0.005271553750136956,0.0001454232405597575,133
290,StatTrak™ AK-47 | Ice Coaled (Field-Tested),0.0010939815485687344,0.00023758245636498445,315
291,StatTrak™ AK-47 | Legion of Anubis (Factory New),0.001208564110119476,9.672561310642615e-05,164
292,StatTrak™ AK-47 | Legion of Anubis (Field-Tested),0.0003163118714558525,1.9206983315561224e-05,120
293,StatTrak™ AK-47 | Legion of Anubis (Minimal Wear),0.0005807104892427238,3.437944925195862e-05,145
294,StatTrak™ AK-47 | Neon Revolution (Field-Tested),0.00044251217607608367,1.9641009237941894e-05,126
295,StatTrak™ AK-47 | Nightwish (Battle-Scarred),0.0002988241478845978,4.691947800015816e-05,110
296,StatTrak™ AK-47 | Orbit Mk01 (Field-Tested),0.00029421600467902147,1.670436463093969e-05,114
297,StatTrak™ AK-47 | Phantom Disruptor (Factory New),0.0007530375355717199,4.202782472707869e-05,224
298,StatTrak™ AK-47 | Point Disarray (Field-Tested),0.00038933097617379817,2.4378445399509e-05,150
299,StatTrak™ AK-47 | Redline (Battle-Scarred),0.00030304283910624364,1.5011375309780974e-05,145
300,StatTrak™ AK-47 | Redline (Field-Tested),0.002261342914708954,8.869304149745775e-05,561
301,StatTrak™ AK-47 | Slate (Factory New),0.0008379520851546708,4.317526747317959e-05,220
302,StatTrak™ AK-47 | The Empress (Field-Tested),0.0013338955692350917,4.036043722337204e-05,202
303,StatTrak™ AK-47 | The Empress (Minimal Wear),0.0011997972064442535,4.181733505518809e-05,111
304,StatTrak™ AK-47 | The Empress (Well-Worn),0.0005681683689571924,2.5600346107094687e-05,110
305,StatTrak™ AUG | Stymphalian (Factory New),0.0001945698866714941,1.4747082177461204e-05,131
306,StatTrak™ AWP | Asiimov (Battle-Scarred),0.0017777686109209706,4.6917524298235684e-05,142
307,StatTrak™ AWP | Asiimov (Field-Tested),0.0030113557699029594,0.000140265184462804,117
308,StatTrak™ AWP | Atheris (Factory New),0.000682514488073268,4.429366948531196e-05,183
309,StatTrak™ AWP | Chromatic Aberration (Field-Tested),0.0005400776940483505,0.00010703812978765549,109
310,StatTrak™ AWP | Electric Hive (Minimal Wear),0.0008262833814582462,3.8593597561199695e-05,116
311,StatTrak™ AWP | Elite Build (Field-Tested),0.00033866620796562156,2.0142984426576586e-05,158
312,StatTrak™ AWP | Exoskeleton (Minimal Wear),0.00010687428580769212,6.772473651549499e-06,128
313,StatTrak™ AWP | Fever Dream (Factory New),0.0006830564622747486,3.585464616902632e-05,221
314,StatTrak™ AWP | Fever Dream (Minimal Wear),0.0004725750504784407,1.9245671201005728e-05,227
315,StatTrak™ AWP | Mortis (Factory New),0.0005666046721204761,3.0014289740491623e-05,354
316,StatTrak™ AWP | Neo-Noir (Factory New),0.0012618557034357286,6.19409622137121e-05,130
317,StatTrak™ AWP | Neo-Noir (Field-Tested),0.0007815861196996818,3.925650180598342e-05,145
318,StatTrak™ AWP | Neo-Noir (Minimal Wear),0.0010876406489744909,5.439113983825485e-05,150
319,StatTrak™ AWP | Redline (Field-Tested),0.0010551748316549722,3.4311760762827196e-05,158
320,StatTrak™ AWP | Wildfire (Field-Tested),0.001222611949340105,4.4746624579673186e-05,121
321,StatTrak™ Desert Eagle | Conspiracy (Factory New),0.0007461202702277367,3.10696735475239e-05,322
322,StatTrak™ Desert Eagle | Conspiracy (Minimal Wear),0.0004551523591947865,2.0829475821324622e-05,297
323,StatTrak™ Desert Eagle | Kumicho Dragon (Minimal Wear),0.00041717521240986275,1.6595203807694855e-05,105
324,StatTrak™ Desert Eagle | Mecha Industries (Factory New),0.00034191281042748395,1.2356756112544749e-05,158
325,StatTrak™ Desert Eagle | Ocean Drive (Field-Tested),0.0004509889485785737,2.73159944606602e-05,100
326,StatTrak™ Desert Eagle | Printstream (Field-Tested),0.001741747679028525,9.549328076179656e-05,190
327,StatTrak™ Desert Eagle | Printstream (Minimal Wear),0.001407469138750654,6.262956860932279e-05,104
328,StatTrak™ FAMAS | Pulse (Factory New),0.000224772760464187,1.0323359631704619e-05,171
329,StatTrak™ Five-SeveN | Case Hardened (Field-Tested),0.00014448104361479313,8.574980297270818e-06,116
330,StatTrak™ Glock-18 | Dragon Tattoo (Factory New),0.002031904927703464,0.00011691090911198772,126
331,StatTrak™ Glock-18 | Vogue (Factory New),0.000447384414310234,2.364991288089802e-05,189
332,StatTrak™ Glock-18 | Water Elemental (Factory New),0.00044599874681451097,1.6550570506565975e-05,113
333,StatTrak™ Glock-18 | Water Elemental (Field-Tested),0.0003180504133374124,1.613726903283816e-05,264
334,StatTrak™ M4A1-S | Atomic Alloy (Field-Tested),0.00042368432088241614,2.3767787701413636e-05,103
335,StatTrak™ M4A1-S | Basilisk (Minimal Wear),0.0003161317648948476,4.509093268096056e-05,186
336,StatTrak™ M4A1-S | Blood Tiger (Factory New),0.0003870387861839433,5.483140361602898e-05,266
337,StatTrak™ M4A1-S | Bright Water (Minimal Wear),0.0007794427878794067,7.542888856203872e-05,129
338,StatTrak™ M4A1-S | Chantico's Fire (Field-Tested),0.0005916240094460441,6.616797555729741e-05,117
339,StatTrak™ M4A1-S | Cyrex (Field-Tested),0.0004965777791801429,5.903296929775818e-05,128
340,StatTrak™ M4A1-S | Dark Water (Field-Tested),0.0013224701946530546,8.084139748113867e-05,136
341,StatTrak™ M4A1-S | Decimator (Field-Tested),0.00030830441692437477,4.2131720869245095e-05,135
342,StatTrak™ M4A1-S | Decimator (Minimal Wear),0.000629193397784915,8.359678899071341e-05,183
343,StatTrak™ M4A1-S | Guardian (Minimal Wear),0.0006382914637257955,7.926639642562088e-05,101
344,StatTrak™ M4A1-S | Leaded Glass (Factory New),0.0003276824176262154,2.8594160273609296e-05,114
345,StatTrak™ M4A1-S | Mecha Industries (Field-Tested),0.0007106363188281646,8.290017373668405e-05,144
346,StatTrak™ M4A1-S | Nightmare (Field-Tested),0.0003425157114292393,4.982973040123352e-05,142
347,StatTrak™ M4A4 | Buzz Kill (Field-Tested),0.0006333789858922713,0.00011718805419816878,308
348,StatTrak™ M4A4 | Evil Daimyo (Factory New),0.00028729939598347857,5.763831776500686e-05,196
349,StatTrak™ M4A4 | In Living Color (Field-Tested),0.0002816499821520885,4.095688605066094e-05,193
350,StatTrak™ M4A4 | Neo-Noir (Factory New),0.0015560522414965457,0.00012987993806046533,146
351,StatTrak™ M4A4 | Neo-Noir (Minimal Wear),0.0007886724616499768,9.62597859400262e-05,227
352,StatTrak™ M4A4 | Tooth Fairy (Factory New),0.00029297335286886637,2.0791362583822807e-05,121
353,StatTrak™ M4A4 | 龍王 (Dragon King) (Factory New),0.0008088262090459729,9.845130817492107e-05,143
354,StatTrak™ M4A4 | 龍王 (Dragon King) (Field-Tested),0.00031967329012337045,4.057111304855634e-05,219
355,StatTrak™ MP7 | Bloodsport (Factory New),0.00013400502684001968,6.49127419229042e-06,102
356,StatTrak™ MP9 | Rose Iron (Factory New),0.00019795099690758306,1.0719275666727062e-05,149
357,"StatTrak™ Music Kit | Blitz Kids, The Good Youth",0.00035149274395190563,2.483832124589157e-05,152
358,StatTrak™ Nova | Graphite (Factory New),0.00017474539101160032,1.8486928075925923e-05,102
359,StatTrak™ P250 | Muertos (Factory New),0.00031848571416827256,1.5161962934261509e-05,141
360,StatTrak™ P250 | Visions (Field-Tested),0.00015103067392858294,3.0781575008450294e-05,130
361,StatTrak™ P90 | Asiimov (Field-Tested),0.0002483939180719039,1.6294539697298455e-05,119
362,StatTrak™ P90 | Blind Spot (Field-Tested),0.00017772763559024257,1.7354459470233386e-05,185
363,StatTrak™ USP-S | Black Lotus (Factory New),0.00016559577798974241,1.1113832925451692e-05,104
364,StatTrak™ USP-S | Cortex (Factory New),0.000335831531210809,2.2688562667257764e-05,126
365,StatTrak™ USP-S | Monster Mashup (Field-Tested),0.00022172241344753973,1.0407761931126697e-05,117
366,StatTrak™ USP-S | Neo-Noir (Field-Tested),0.0007363792816330513,4.2949836141029615e-05,174
367,StatTrak™ USP-S | Stainless (Minimal Wear),0.00036322959468142597,2.1423478228689594e-05,131
368,Sticker Capsule 2,0.002416101243917843,0.00019595213662342126,1233
369,Sticker | 9z Team (Holo) | Antwerp 2022,4.876335845419573e-05,3.2432838788009404e-05,127
370,Sticker | Astralis (Foil) | Stockholm 2021,4.787217666123021e-05,8.493604396994197e-06,100
371,Sticker | Astralis (Holo) | Cologne 2016,0.0002660223859500171,1.9794548526203653e-05,125
372,Sticker | Astralis (Holo) | Stockholm 2021,9.51222437063958e-05,5.444485995408368e-05,263
373,Sticker | BIG (Holo) | Stockholm 2021,6.265310182260087e-05,3.75925912798333e-05,139
374,Sticker | Cloud9 (Gold) | Antwerp 2022,0.00034584234085472895,0.00014547885257387016,378
375,Sticker | Cloud9 (Holo) | Antwerp 2022,0.0004461121676393403,0.00032559581708197763,432
376,Sticker | Cloud9 (Holo) | Katowice 2019,7.111879738086046e-05,4.988552899830782e-06,100
377,Sticker | Complexity Gaming (Holo) | Antwerp 2022,0.00010423389437635244,7.84577946028272e-05,241
378,Sticker | Copenhagen Flames (Gold) | Antwerp 2022,8.626281192202649e-05,3.389273198411223e-05,208
379,Sticker | Copenhagen Flames (Holo) | Stockholm 2021,0.00035182939605644573,0.0001272880172652256,776
380,Sticker | DickStacy | Berlin 2019,9.022036322728445e-05,9.56330862895344e-06,129
381,Sticker | DickStacy | Katowice 2019,0.00018097125961534632,1.206638372686537e-05,144
382,Sticker | Dragon Lore (Foil),0.0003886719674683757,9.044277655079312e-05,247
383,Sticker | Entropiq (Foil) | Stockholm 2021,0.00024577341578088473,5.1317477078879965e-05,177
384,Sticker | Entropiq (Holo) | Stockholm 2021,0.00016675906189002763,7.648933930294249e-05,450
385,Sticker | Eternal Fire (Gold) | Antwerp 2022,7.233461447227669e-05,2.92745009556248e-05,119
386,Sticker | Eternal Fire (Holo) | Antwerp 2022,7.012339333868152e-05,4.873190260817278e-05,198
387,Sticker | FURIA (Gold) | Antwerp 2022,0.00014132854621406646,4.545267367541502e-05,187
388,Sticker | FURIA (Holo) | Antwerp 2022,0.00024988623438272547,0.00019050691648701544,469
389,Sticker | FURIA (Holo) | Katowice 2019,0.0008683026538463793,7.287410570587178e-05,387
390,Sticker | FURIA (Holo) | Stockholm 2021,0.0003188745903546384,0.00012532089801638033,895
391,Sticker | FaZe Clan (Foil) | Stockholm 2021,5.025081925802609e-05,1.3577871613022398e-05,186
392,Sticker | FaZe Clan (Gold) | Antwerp 2022,9.316685848615273e-05,2.3211052314544476e-05,104
393,Sticker | FaZe Clan (Holo) | Stockholm 2021,6.970938694646712e-05,3.95636128359372e-05,238
394,Sticker | Forge Tier6 (Holo),9.522484974252958e-05,2.173977997978339e-05,112
395,Sticker | G2 Esports (Holo) | Antwerp 2022,7.87088532834203e-05,6.715069517736914e-05,190
396,Sticker | Great Wave (Foil),0.00011771610904605637,2.2527515174891614e-05,142
397,Sticker | Great Wave (Holo),9.119236089570886e-05,1.9144465323628738e-05,136
398,Sticker | Imperial Esports (Gold) | Antwerp 2022,0.00022421497550453536,6.0688355754131976e-05,169
399,Sticker | Imperial Esports (Holo) | Antwerp 2022,0.00010590527836079647,4.775439866242518e-05,221
400,Sticker | Infinite Diamond (Holo),0.00011873988304676551,1.09249219124777e-05,103
401,Sticker | Liquid Fire (Holo),0.0003570692840340385,7.418637474479406e-05,370
402,Sticker | MOUZ (Holo) | Stockholm 2021,0.0007001152636226255,0.0005110203485152153,258
403,Sticker | Miami Tier6 (Holo),0.0002493385837564776,7.36327134440434e-05,120
404,Sticker | Movistar Riders (Holo) | Stockholm 2021,0.000156973465382847,0.00010886944498028105,184
405,Sticker | Natus Vincere (Gold) | Antwerp 2022,9.820908626170532e-05,2.320231117705726e-05,111
406,Sticker | Natus Vincere (Gold) | Stockholm 2021,0.0001602307371186516,2.1903808948075484e-05,120
407,Sticker | Natus Vincere (Holo) | Antwerp 2022,0.0001438064352997955,8.328552259985707e-05,500
408,Sticker | NiKo (Holo) | Stockholm 2021,0.00011393648462305336,6.0789509512629e-05,251
409,Sticker | Outsiders (Holo) | Antwerp 2022,8.504766466077221e-05,4.4844242326916745e-05,245
410,Sticker | Stupid Banana (Foil),0.0003797511174468961,0.00015826710038912772,101
411,Sticker | TYLOO (Gold) | 2020 RMR,0.00017289108345723298,5.245006200316267e-05,242
412,Sticker | Team Liquid (Holo) | Antwerp 2022,0.00010651444563406038,7.634481250466408e-05,297
413,Sticker | Team Spirit (Holo) | Katowice 2019,0.00010606588234108646,1.5165432886224303e-05,175
414,Sticker | Titan | Cluj-Napoca 2015,0.0002813377328987119,1.6181425730923693e-05,126
415,Sticker | Titan | Cologne 2014,0.00038083922150868217,2.5243510970122285e-05,116
416,Sticker | Titan | Cologne 2015,0.0004074590328321023,3.234507756952037e-05,133
417,Sticker | Titan | Katowice 2015,0.0013016136391108867,6.119164301500767e-05,209
418,Sticker | Toxic Flow (Holo),6.67334584658774e-05,1.1390382646819982e-05,102
419,Sticker | Tyloo (Foil) | Stockholm 2021,7.348098472959142e-05,3.399893260367234e-05,138
420,Sticker | Tyloo (Holo) | Stockholm 2021,0.00017727449800931366,0.00013323440244693895,405
421,Sticker | Virtus.Pro (Foil) | Stockholm 2021,8.379950246732299e-05,1.5461899364045866e-05,178
422,Sticker | Virtus.Pro (Holo) | Stockholm 2021,0.0002232200668227365,0.00012245108368283912,400
423,Sticker | Vitality (Holo) | Stockholm 2021,0.00012123792588124322,8.031280973676734e-05,697
424,Sticker | Watermelon Strafe (Holo),5.3223382498781524e-05,1.3238229386109602e-05,100
425,Sticker | ZywOo (Foil) | Katowice 2019,0.00013444355972259888,2.007133033157335e-05,102
426,Sticker | m0NESY (Holo) | Antwerp 2022,0.00027057836454207984,0.00020095136904283524,170
427,Sticker | max (Holo) | Antwerp 2022,8.051988035973423e-05,7.838326826275725e-05,111
428,Sticker | paiN Gaming (Holo) | Stockholm 2021,0.00011523556301264668,7.632493756126002e-05,161
429,Sticker | ropz (Holo) | Antwerp 2022,7.255668547918078e-05,2.6022758244116423e-05,109
430,Sticker | s1mple (Foil) | Katowice 2019,0.00016571892782348726,2.3267552931824946e-05,187
431,Sticker | s1mple (Gold) | Berlin 2019,0.0009958396341388743,8.607304321224952e-05,163
432,Sticker | s1mple (Gold) | Stockholm 2021,0.000518090039946711,7.146208798274083e-05,167
433,Tec-9 | Decimator (Minimal Wear),0.000187962171032279,6.6750879132040625e-06,111
434,Tec-9 | Fuel Injector (Factory New),0.00013400655086744136,5.507885644421935e-06,109
435,UMP-45 | Blaze (Factory New),0.000516241313011244,3.586896602435485e-05,343
436,USP-S | Ancient Visions (Factory New),0.00037724860952634477,2.279671433540648e-05,105
437,USP-S | Blueprint (Factory New),0.0005025061896677908,2.8518956696549415e-05,155
438,USP-S | Caiman (Factory New),0.00038179701555209636,8.334916586264442e-05,108
439,USP-S | Dark Water (Minimal Wear),0.0007908962814874093,6.749055255244273e-05,117
440,USP-S | Kill Confirmed (Battle-Scarred),0.0007974600520161761,3.5832630644757226e-05,213
441,USP-S | Kill Confirmed (Factory New),0.00216487637818513,0.0001179083434343948,135
442,USP-S | Kill Confirmed (Field-Tested),0.0029367818622726195,0.00018386179571390845,565
443,USP-S | Kill Confirmed (Minimal Wear),0.0009053015274704338,5.775467403749825e-05,116
444,USP-S | Kill Confirmed (Well-Worn),0.00040384877381647905,2.093097247967693e-05,100
445,USP-S | Monster Mashup (Factory New),0.0005403889651212241,3.592676933448781e-05,172
446,USP-S | Monster Mashup (Field-Tested),0.00035108550682996266,2.0191690830916422e-05,252
447,USP-S | Monster Mashup (Minimal Wear),0.0006621218507455272,3.615231064288756e-05,321
448,USP-S | Neo-Noir (Factory New),0.0012065042985047922,6.230503110878073e-05,272
449,USP-S | Neo-Noir (Minimal Wear),0.0009390305317085681,4.7791457351615174e-05,358
450,USP-S | Orange Anolis (Factory New),0.00034682849414548,3.75204297263512e-05,112
451,USP-S | Orion (Factory New),0.0022140036678728854,9.500249063368683e-05,430
452,USP-S | Orion (Field-Tested),0.0003825035366110214,1.567195776559685e-05,102
453,USP-S | Orion (Minimal Wear),0.0016053741272842165,6.027161101656532e-05,385
454,USP-S | Overgrowth (Field-Tested),0.00043150026389465556,2.554530496871717e-05,183
455,USP-S | Overgrowth (Minimal Wear),0.0002683280314445148,1.0237071389043377e-05,101
456,USP-S | Pathfinder (Factory New),0.00018859113266113072,8.53769049853415e-06,131
457,USP-S | Printstream (Battle-Scarred),0.0010330424201650114,0.0001519733212799265,172
458,USP-S | Printstream (Field-Tested),0.003021233465822813,0.000482387946297839,342
459,USP-S | Printstream (Minimal Wear),0.0034085134620552957,0.0005565296045981817,250
460,USP-S | Purple DDPAT (Factory New),7.589250330891353e-05,5.506960481450587e-06,127
461,USP-S | Serum (Factory New),0.0009142136286806582,5.5895618467467424e-05,155
462,USP-S | Stainless (Factory New),0.0003926231023060746,1.7190386937589442e-05,215
463,USP-S | Target Acquired (Factory New),0.002098859715978761,8.834736912106625e-05,155
464,USP-S | The Traitor (Factory New),0.0008101576856100359,5.9378705249458055e-05,139
465,USP-S | The Traitor (Minimal Wear),0.000820597505537384,5.4806740379188686e-05,320
466,USP-S | Whiteout (Field-Tested),0.00024277799756784185,2.167571100967477e-05,440
467,USP-S | Whiteout (Minimal Wear),0.0009305276878096727,3.906480836272941e-05,623
468,Vypa Sista of the Revolution | Guerrilla Warfare,0.00045598201519941596,3.4875822987777015e-05,361
469,★ Driver Gloves | Black Tie (Battle-Scarred),0.0015609083914148905,7.919984262282834e-05,119
470,★ Driver Gloves | Black Tie (Field-Tested),0.004051647576000388,0.0002037456240852064,142
471,★ Driver Gloves | Imperial Plaid (Field-Tested),0.007944115230799298,0.0003038648419477113,221
472,★ Driver Gloves | King Snake (Field-Tested),0.00862639129953379,0.00030886680114084044,143
473,★ Driver Gloves | Overtake (Field-Tested),0.0018811747523312737,0.00010936942129816152,164
474,★ Driver Gloves | Queen Jaguar (Field-Tested),0.0011317186674189687,5.344844189592117e-05,106
475,★ Driver Gloves | Racing Green (Field-Tested),0.001022128393744822,6.168938459934374e-05,197
476,★ Driver Gloves | Rezan the Red (Field-Tested),0.0028943247639101276,0.00018013144523423456,296
477,★ Driver Gloves | Snow Leopard (Field-Tested),0.011761389648273666,0.0005950140545966476,136
478,★ Falchion Knife | Doppler (Factory New),0.005817409380869002,0.0002328232442500433,217
479,★ Falchion Knife | Gamma Doppler (Factory New),0.0032711358023111183,9.032448080637561e-05,120
480,★ Falchion Knife | Marble Fade (Factory New),0.0035630727992341,0.00011530951009133548,139
481,★ Falchion Knife | Rust Coat (Battle-Scarred),0.0009731933952047965,4.5380260891466446e-05,101
482,★ Flip Knife | Doppler (Factory New),0.009604422325772648,0.0010811332537279416,315
483,★ Flip Knife | Gamma Doppler (Factory New),0.004980446300445275,0.00022408105712123897,110
484,★ Flip Knife | Rust Coat (Battle-Scarred),0.0017032004525752492,0.00016510647615929197,107
485,★ Flip Knife | Tiger Tooth (Factory New),0.004029987007505342,0.0003277041795928187,110
486,★ Gut Knife | Doppler (Factory New),0.006218765298796094,0.0002456834453403779,469
487,★ Gut Knife | Gamma Doppler (Factory New),0.002138941663978913,0.00010324240082551433,131
488,★ Gut Knife | Marble Fade (Factory New),0.0016132892321052707,6.812558291965345e-05,108
489,★ Hand Wraps | Constrictor (Field-Tested),0.0011533304856231079,7.388317540290867e-05,140
490,★ Hand Wraps | Desert Shamagh (Field-Tested),0.001504592710446673,8.540666091212478e-05,189
491,★ Hand Wraps | Duct Tape (Field-Tested),0.0011442727061854482,6.242908898678064e-05,154
492,★ Hand Wraps | Giraffe (Field-Tested),0.0017547620957639378,9.51656566499059e-05,130
493,★ Hand Wraps | Overprint (Field-Tested),0.0033328701099738017,0.00014865766536372019,104
494,★ Huntsman Knife | Doppler (Factory New),0.004192590620983258,0.0001487646216073147,156
495,★ Huntsman Knife | Gamma Doppler (Factory New),0.005237720230020335,0.00015759782463804233,186
496,★ Huntsman Knife | Marble Fade (Factory New),0.004461971105518993,0.00013999968781351423,159
497,★ Huntsman Knife | Rust Coat (Battle-Scarred),0.0010869954854210587,4.3976835231629126e-05,107
498,★ Hydra Gloves | Case Hardened (Field-Tested),0.0013274156262674782,7.584435762441793e-05,152
499,★ Hydra Gloves | Emerald (Field-Tested),0.0016612753079461523,9.425585834099536e-05,241
500,★ Hydra Gloves | Mangrove (Field-Tested),0.001072991031372642,6.447124419923081e-05,189
501,★ Hydra Gloves | Rattler (Field-Tested),0.0008944105061096523,5.6148538070633e-05,152
502,★ Karambit | Doppler (Factory New),0.03958686844661737,0.0014858680663868318,387
503,★ Karambit | Gamma Doppler (Factory New),0.014462399147504601,0.0006785845402381531,117
504,★ Karambit | Marble Fade (Factory New),0.016100928390300192,0.0007037562778614545,110
505,★ Karambit | Tiger Tooth (Factory New),0.01318656466304803,0.0006672073877288532,113
506,★ M9 Bayonet | Doppler (Factory New),0.01422796936854652,0.0006891310240424296,172
507,★ M9 Bayonet | Fade (Factory New),0.02734260821276372,0.0021036322057594262,174
508,★ Moto Gloves | 3rd Commando Company (Field-Tested),0.0019572036395040303,0.000129643380363304,218
509,★ Moto Gloves | Blood Pressure (Field-Tested),0.002082303384638013,0.00012034655252316203,101
510,★ Moto Gloves | Finish Line (Field-Tested),0.003751854684524195,0.00027856150789261114,155
511,★ Moto Gloves | Polygon (Field-Tested),0.004263105213001985,0.0002450039929365968,180
512,★ Moto Gloves | Transport (Field-Tested),0.0020604922824429316,0.00010163481262455095,214
513,★ Moto Gloves | Turtle (Field-Tested),0.0037436579367587453,0.00021947426357472503,179
514,★ Navaja Knife,0.0011239179846353222,0.00022100606272238714,133
515,★ Navaja Knife | Doppler (Factory New),0.0033544538816196023,0.00034318847734087133,236
516,★ Navaja Knife | Marble Fade (Factory New),0.0020307891894227772,0.0002487102564308403,147
517,★ Navaja Knife | Rust Coat (Battle-Scarred),0.001391357685499943,0.00010840030781685071,188
518,★ Navaja Knife | Tiger Tooth (Factory New),0.0016341968561563987,0.00017799743283498508,139
519,★ Navaja Knife | Ultraviolet (Field-Tested),0.0007760654665788558,4.770140050392901e-05,100
520,★ Nomad Knife | Fade (Factory New),0.014197513192772349,0.000915624685992884,131
521,★ Shadow Daggers | Doppler (Factory New),0.004353663794153956,0.00021519059462494607,268
522,★ Shadow Daggers | Fade (Factory New),0.0023666097546344673,0.00017598662845074266,103
523,★ Shadow Daggers | Gamma Doppler (Factory New),0.0017183905085634361,7.066872432071595e-05,108
524,★ Shadow Daggers | Rust Coat (Battle-Scarred),0.000975137512762709,4.961118247338821e-05,129
525,★ Shadow Daggers | Tiger Tooth (Factory New),0.001741179079455307,9.611217816056332e-05,132
526,★ Specialist Gloves | Buckshot (Field-Tested),0.0011190643513007193,4.29553762447965e-05,138
527,★ Specialist Gloves | Crimson Web (Field-Tested),0.0064837702881705055,0.00022770212728354594,209
528,★ Specialist Gloves | Fade (Field-Tested),0.00915902469180431,0.0007117254409573204,230
529,★ Specialist Gloves | Field Agent (Field-Tested),0.005254915026861804,0.00030063302560451164,111
530,★ Specialist Gloves | Marble Fade (Field-Tested),0.008617889220293912,0.0007415079548367366,225
531,★ Specialist Gloves | Mogul (Field-Tested),0.00383537233915702,0.00018014056659246443,140
532,★ Specialist Gloves | Tiger Strike (Field-Tested),0.00996175467612658,0.000467484870288504,129
533,★ Sport Gloves | Amphibious (Field-Tested),0.011382097107218445,0.0003616592939237439,109
534,★ Sport Gloves | Big Game (Field-Tested),0.0076397503530136,0.0002834823297751864,186
535,★ Sport Gloves | Bronze Morph (Field-Tested),0.0029078817955048705,0.00012952698822774218,156
536,★ Sport Gloves | Nocts (Field-Tested),0.0047956655476918885,0.00022221593717963538,131
537,★ Sport Gloves | Scarlet Shamagh (Field-Tested),0.00652767160830347,0.0003502937931586991,184
538,★ Sport Gloves | Slingshot (Field-Tested),0.011313897952671789,0.0004491844628940709,123
539,★ Stiletto Knife,0.004144632696975527,0.00044960070504207364,102
540,★ Stiletto Knife | Doppler (Factory New),0.00797329263370622,0.00046219405658549093,161
541,★ Stiletto Knife | Rust Coat (Battle-Scarred),0.00347326896626638,0.00037414547975464686,181
542,★ Talon Knife | Doppler (Factory New),0.02416851333014385,0.0006669006411413008,313
543,★ Talon Knife | Marble Fade (Factory New),0.011484653221999992,0.0003065491523069112,123
544,★ Talon Knife | Tiger Tooth (Factory New),0.007697560314115888,0.00019531742221914913,111
545,★ Talon Knife | Ultraviolet (Field-Tested),0.003353985120987838,9.785548965356846e-05,100
546,★ Ursus Knife | Doppler (Factory New),0.011082041286413524,0.00045318966746345793,298
547,★ Ursus Knife | Marble Fade (Factory New),0.004720692227485073,0.00014481467631653159,115
548,★ Ursus Knife | Rust Coat (Battle-Scarred),0.0013876870148817218,7.87027134100003e-05,109
549,★ Ursus Knife | Tiger Tooth (Factory New),0.005007891109416403,0.00021072968099179667,148
